,spearman_corr,spearman_pvalue,pearson_corr,pearson_pvalue,gpt_rating_beta
understanding,-0.051681139412170195,0.8872489803826015,-0.10874991503916201,0.7649030749839265,-0.08571428571428573
interpersonal_effectiveness,-0.04811252243246881,0.8949971443275546,-0.10603918214414929,0.7706299771851561,-0.8732394366197141
collaboration,0.062112999374994156,0.8646507998089187,0.020867519837595088,0.9543721726076685,-0.0675675675675687
guided_discovery,0.36031100421605905,0.30642026344883055,0.2738287635173929,0.44392935243352527,0.020202020202019243
focus_cognition,-0.3762217653220669,0.28394312047779563,-0.25587433653698805,0.4755039001744149,0.4811320754716983
strategy_change,0.7148947780565031,0.020143959230470587,0.4766668531871456,0.1636558199279977,0.9797979797979806
