,spearman_corr,spearman_pvalue,pearson_corr,pearson_pvalue
understanding,0.0051472580974889605,0.9716999873154903,0.1370892405550602,0.34244697128001367
interpersonal_effectiveness,0.14350217848521815,0.32012239116231733,0.17296809395715723,0.22966845023479238
collaboration,0.3118835218278229,0.027461897658936783,0.2876345633864088,0.04281951200521194
guided_discovery,0.39888320713837383,0.004113393698831897,0.41499431532941994,0.002729694363093484
focus_cognition,0.33728981015587645,0.016605302750474806,0.29764725408436205,0.03579130350503128
strategy_change,0.34065030698828513,0.015489549002404304,0.3185611619027536,0.024152856275372052
