{"duration": 1.5206272602081299, "input_args": {"name": "'nbertagnolli/counsel-chat'"}, "time": 1715731554.4351711}